13 Below,Submerged,
13 Below,Sandbag Pale Ale,
16 Lots,Soak City Juicy IPA,
16 Lots,Bayern Kurve Bock,
21st Amendment Brewery,Brew Free! or Die IPA (Blood Orange),
21st Amendment Brewery,Tasty IPA,
3 Points,Worsted,
3 Points,Progress Supreme Pilsner,
3 Points,Sinking Orca Oatmeal Stout,
3 Points,Origami IPA,
3 Points,Magic Wand Sour Ale,
50 WEST,DOOM PEDAL,Q
50 WEST,COAST TO COAST,
50 WEST,JAM OUT MIXED BERRY BERLINER,
50 WEST,BLIND SPOT OATMEAL STOUT,
50 WEST,BBA MARBLE PALACE STOUT,C
50 WEST,RASPBERRY LEMONADE DOOM PEDAL,
50 WEST,AMERICAN LAGER,
50 WEST,SAT. MORNING CARTOONS BA STOUT,
Ace Cider,Pineapple,
Ace Cider,Rose',
Against The Grain,Citra Ass Down,
Against The Grain,Kentucky Rye'd Chiquen,
Alaskan Brewing Co.,Amber,
Alaskan Brewing Co.,Husky IPA,
Alaskan Brewing Co.,2018 Smoked Porter,E
Alaskan Brewing Co.,White Ale,
Alexandria Brewing,Murk,
Alexandria Brewing,Samhain Of My Soul,
Alltech/Ky Ale,Bourbon Barrel Ale,
Alltech/Ky Ale,Vanilla Bourbon Barrel Ale,
Anderson Valley Brewing Company,Blood Orange Gose,
Anderson Valley Brewing Company,Winter Solstice,
Anderson Valley Brewing Company,Cherry Gose,
Anderson Valley Brewing Company,Rose Gose,
Angry Orchard Cider Company,Rosé,
Angry Orchard Cider Company,Crisp Apple,
Avery,Go Play IPA,
Avery,White Rascal,
B. Nektar,Zombie Killer,E
B. Nektar,Punk Lemonade Cider,E
Bad Tom Smith,13 Preachers Marzen Lager,
Bad Tom Smith,Jackson Hustler Belgian Wit,
Bad Tom Smith,Doc's Kentucky Common,
Bell's Brewery,Two Hearted Ale,Q
Bell's Brewery,Amber,
Bell's Brewery,Hopsolution,
Bell's Brewery,Flamingo Fruit Flight,
Bell's Brewery,Hopslam,E
Bell's Brewery,2015 Expedition Stout,C
Blake's Hard Cider Company,El Chavo,
Blake's Hard Cider Company,Rosé,
Blake's Hard Cider Company,Fido,
Boston Beer Company,Samuel Adams 513,
Boston Beer Company,Twin Engine Kolsch,
Boston Beer Company,Samuel Adams Cold Snap,
Boston Beer Company,Sam ‘76,
Boulevard Brewing,Tank 7,
Boulevard Brewing,Jam Band,
Branch & Bone Artisan Ales,DDH Pygmy Twilight Hazy Pale Ale,
Branch & Bone Artisan Ales,Dimmer Coffee Golden Ale,
Branch & Bone Artisan Ales,Cellar Song #1 Wild Ale w/Black Currants,
BRAXTON,TROPIC FLARE,Q
BRAXTON,GARAGE BEER,
BRAXTON,WINTERTRIP,
BRAXTON,KICKBACK ROSE,
BRAXTON,HAVEN,
BRAXTON,STORM,
BRAXTON LABS,SWEET POTATO,
BRAXTON LABS,NE IPA CITRA,
BRAXTON LABS,CRANBERRY GOSE,
BRAXTON LABS,CYCLE COFFEE STOUT,
BRAXTON LABS,BA BLOWN GASKET,
BRAXTON,2015 DARK CHARGE,C
Breckenridge Brewery,Vanilla Porter,
Breckenridge Brewery,Salted Caramel Brown Ale,
Breckenridge Brewery,Avalanche Amber,
Brew Dog,Elvis Juice,
Brew Dog,Lost Lager,
Brink,King Cake,
Brink,Stellarist NEIPA,
Brooklyn Brewery,Black Chocolate Stout,
Brooklyn Brewery,Unfiltered Pilsner,
Brooklyn Brewery,Black Ops,
Cellar Dweller,Marry Morrow,
Cellar Dweller,Eye Opener,
Christian Moerlein Brewing,Original Lager,
Christian Moerlein Brewing,OTR,
Christian Moerlein Brewing,Christkindl,
Christian Moerlein Brewing,Big Hazy IPA,
Christian Moerlein Brewing,Little Kings,
CIGAR CITY,JAI LAI IPA,
CIGAR CITY,MADURO BROWN ALE,
Connecticut Valley Brewing,Trail Blazer,
Connecticut Valley Brewing,Star Gazer,
Crazy Mountain,Hookiebobb IPA,
Crazy Mountain,Amber,
Dark Horse,Plead The 5th,
Dark Horse,Scary Jesus Rockstar Chamoimille Apricot Ale,
Darkness Brewing,Bellevue Common,
Darkness Brewing,Man in the Moo,
Darkness Brewing,Mayan Sacrifice,E
Delerium/Huyghe Brewery,Delirium Tremens,
Delerium/Huyghe Brewery,Delirium Red,
Deschutes Brewery,Fresh Haze IPA,
Deschutes Brewery,Fresh Squeezed IPA,
Deschutes Brewery,Baltic Porter,
Deschutes Brewery,Grapefruit Rose Sour Ale,
Deschutes Brewery,Gin Hop Henge,
Devil's Backbone,Vienna Lager,
Devil's Backbone,Gold Leaf Lager,
Devil's Backbone,BA Revenge of the Mariner Barleywine,E
Distihl,Weisemheimer,
Distihl,Apricot,
Dogberry,Zestic IPA,
Dogberry,Nat's Night Cap Stout,
DOWNEAST CIDER,ORIGINAL,
DOWNEAST CIDER,WINTER BLEND,
Elysian,Space Dust IPA,
Elysian,Dayglow IPA,
Elysian,BiFrost Winter Pale Ale,
Epic,Tart n Juicy,
Epic,Rhino Pale Ale,
Epic,Son of A Baptist,
Erie Brewing,Derailed,
Erie Brewing,Rail Bender,
Erie Brewing,High & Dry *Taproom Exclusive,E
Ethereal Brewing,White Ale,
Ethereal Brewing,Wonderland,
Fat Head's,Special Hoperations,E
Fat Head's,Headhunter IPA,
Fat Head's,Bumbleberry,
Fat Head's,Gogglefogger,
Fig Leaf,Star Crusher Hazy DIPA,
Fig Leaf,Wee Easy Scotch Ale,
Founders,Azacca IPA,
Founders,Rubeaus,
Founders,Canadian Breakfast Stout,C
Fretboard Brewing,Reba Strawberry Blonde,
Fretboard Brewing,Mellowship India Session Pilsner,
Fretboard Brewing,Fugee Breakfast Stout,
Fretboard Brewing,Valad Pilsner,
Fretboard Brewing,,
Golden Road,Mango Cart,
Golden Road,Wolfpup Session,
Goldhorn,Deadman's Curve IPA,
Goldhorn,Polka Pilsner,
Goodwood,Bourbon Barrel Ale,
Goodwood,Bourbon Barrel Stout,
Goose Island,Next Coast IPA,
Goose Island,Grumpy Old Man,
Goose Island,Noel Belgian Quad,
Grainworks,Defroster Winter Warmer,
Grainworks,#PoundSignNoFilter,
Grainworks,Hot Schauer Bier Peppered Pilsner,E
Great Lakes Brewing Company,Holy Moses White Ale,
Great Lakes Brewing Company,Dortmunder Gold,
Great Lakes Brewing Company,Conway's Irish Ale,
Great Lakes Brewing Company,Turntable Pils,
Great Lakes Brewing Company,30th Anniversary Imperial Oyster Stout,
Guinness,Guinness Draught,
Guinness,Guinness Blonde,
Guinness,Guinness Foreign Extra Stout,
Guinness,Guinness 200th Anniversary Export Stout,
Hairless Hare,Hazelnut Brown Ale,
Hairless Hare,CRV Porter,
HARPOON,UFO WHITE ALE,
HARPOON,CIDER,
Heavy Seas Brewing,Tropicannon,
Heavy Seas Brewing,Loose Cannon IPA,
HiWire,Aerialist Lager,
HiWire,Lo Pitch Juicy IPA,
HiWire,German Choc. Cherry Cake,E
Jackie O's,Razz Wheat,
Jackie O's,Ohio Pale Ale,
Jackie O's,Mystic Mama,
Jackie O's,Who Cooks For You?,
Jackie O's,Off The Beaten Path 3,C
Karrikin Spirits,Pils,
Karrikin Spirits,Lemon Basil Shrub Hard Pop,
Karrikin Spirits,Smoked Apple Hard Pop,
Karrikin Spirits,Emerge Gin Tonic,
Knee Deep,Breaking Bud,
Knee Deep,Slo Mo IPA,
Knee Deep,Man Juice,
Knee Deep,Courtside IPA,
Kona,Gold Cliff Pineapple IPA,
Kona,Pipeline Porter,
LAGUNITAS,IPA,
LAGUNITAS,SUMPIN EASY,
LAGUNITAS,SUPER CLUSTER,
LAGUNITAS,MOZANGO,
Lattitude 42,South Pacific,
Lattitude 42,Party at the Moon tower,
LEINEKUGEL,SUMMER SHANDY,
LEINEKUGEL,SNOWDRIFT VANILLA PORTER,
Lindemans,Peche Lambic,C
Lindemans,Strawberry Lambic,C
Listermann,Nutcase Peanut Butter Porter,
Listermann,Mixed Berry Nutcase,
Listermann,Team Fiona NE IPA,
Listermann,Chickow!,E
Little Fish,Essential Oils DIPA,
Little Fish,Gumberoo,
Little Fish,House IPA,
Little Fish,Woodthrush,
Little Fish,Maker of Things,C
Little Kings,Little Kings,
Lost Coast Brewery,Tangerine Wheat,
Lost Coast Brewery,Watermelon Wheat,
MadTree Brewing,Shade,Q
MadTree Brewing,Local Blend Cincinnati,E
MadTree Brewing,Lift,
MadTree Brewing,Rubus Cacao,
MadTree Brewing,PsycHOPathy,
MadTree Brewing,Joon,C
MadTree Brewing,BBA Are You Ready For Some Darkness?,C
March 1st,Heller Bock,
March 1st,Apple Fritter Cider,
March 1st,Chocolate Stout,
March 1st,Peach Hard Seltzer,
Maumee Bay,Grasshopper,
Maumee Bay,Nifty Shades of Beige Stout,
Millersburg Brewing,Brut-Al Pom Brut IPA,
Millersburg Brewing,Red,
Mispillion,Not Today Satan IPA,
Mispillion,LamBROghini Cheetah NE IPA,
Mt. Carmel Brewing Company,Amber Ale,
Mt. Carmel Brewing Company,Nut Brown Ale,
Mt. Carmel Brewing Company,Take Home IPA,
Mt. Carmel Brewing Company,Hibiscus Blueberry Blonde Ale,
Mt. Carmel Brewing Company,Winter Ale,
Municipal,True West Coffee Porter,
Municipal,"Azacca To Me, Baby! IPA",
Municipal,Recovery Red Ale,
Municipal,Approachable Blonde,
Narrow Path,Tire Patch IPA,
Narrow Path,Coconut Porter,
NEW BELGIUM,BRUT IPA,
NEW BELGIUM,FAT TIRE,
NEW BELGIUM,FAT TIRE WHITE,
NEW BELGIUM,VOODOO LIQUID PARADISE,
NEW BELGIUM,VOODOO JUICY HAZE,
NEW BELGIUM,LA FOLIE,C
NEW BELGIUM,OAKSPIRE,C
New Holland,Dragon's Milk,
New Holland,Tangerine Space Machine,
Nine Giant,Escape Velocity Brut IPA,
Nine Giant,Save Ferris Cranberry,
Nine Giant,Uptown Avondale Stout with Coookies & Cream,E
North Coast,Scrimshaw,
North Coast,Old Rasputin,
North High,Life - Australian Sparkling Ale,
North High,Stardust to Stardust IPA,
Northern Row Brewing,Small Pail Mosaic,
Northern Row Brewing,Helles Lager,
Odd Side Ales,Pretentious Sour,
Odd Side Ales,Tarte Rouge Sour Ale,
Odd Side Ales,Troll Toll IPA,
Odd Side Ales,Mango Peach Dank Juice IPA,
Odd Side Ales,Nut Bandit Brown Ale,
Old Nation Brewing Co.,M-43 N.E. India Pale Ale,
Old Nation Brewing Co.,Boss Tweed NE DIPA,
Ommegang Brewery,Pale Sour,
Ommegang Brewery,3 Philosphers,
OSKAR BLUES,DALE'S PALE ALE,
Paradise Brewing,Bad Habit White IPA,
Paradise Brewing,Night At The Opera Coffee Stout,
PERRIN,BLACK ALE,
Platform Brewing,Standing On Ghosts Raz/Vanilla Imp. Stout,C
Platform Brewing,Death By Disco Blackberry Lemon Gose,
Platform Brewing,Haze Jude IPA,
Platform Brewing,Coffee Lawlessness Porter,
Platform Brewing,LED Light Lager,
Platform Brewing,Lemon Limeade Gose w/electrolytes,C
Platform Brewing,Grapefruit-Tangerine Seltzer,Q
Pretentious Barrel House,Sybarite w/Raspberries,E
Pretentious Barrel House,Truculent W/Ginger & Lime,E
Radeberger,Schofferhoffer Grapefruit,
Railroad Brewing,Choco Blonde,
Railroad Brewing,Hazy Crazy,
RedHead Ciderhouse,Original,
RedHead Ciderhouse,Blueberry,
Revolution,A Little Crazy,
Revolution,Tropic Hero,
Rhinegeist,Andromeda,
Rhinegeist,Alpha Squid,
Rhinegeist,Van Hunks,
Rhinegeist,Kettu,
Rhinegeist,Little Bubs,Q
Rhinegeist,Infinite Dawn Sour Blonde Ale,E
Rhinegeist,Bogbeast (2018),C
Rogue Ales,7 Hop IPA,
Rogue Ales,Hazelnut Brown Nectar,
Rusty Rail,Plum's Up,
Rusty Rail,Golden Stout,
Saucy Brew Works,Habituale,
Saucy Brew Works,ASAP IPA,
Saucy Brew Works,Love You Bye,
Saucy Brew Works,Modern Crimes,
Sibling Revelry,Proudly We Hail,
Sibling Revelry,Third Wheel,
Sierra Nevada Brewing Co.,Pale Ale,Q
Sierra Nevada Brewing Co.,Hazy Little Thing,
Sierra Nevada Brewing Co.,Brut IPA,
Sierra Nevada Brewing Co.,Kellerweis,
Sierra Nevada Brewing Co.,SierraVeza,
Sierra Nevada Brewing Co.,Hop Bullet,
Sierra Nevada Brewing Co.,Trip In the Woods: Tequila Barrel-Aged Lime Ale,C
Sonder,Lore Pale Ale,
Sonder,Kato Coffee Kolsch,
SOUTHERN TIER,LAKE SHORE FOG,Q
SOUTHERN TIER,CREME BRULEE,
SOUTHERN TIER,RUMKING,
SOUTHERN TIER,2XIPA,
SOUTHERN TIER,8 DAYS A WEEK,
SOUTHERN TIER,IMPERIAL PEACH GOSE,
SOUTHERN TIER,Barrel House Series: OLD FASHIONED,C
Spoetzl Brewery,Shiner Bock,
Spoetzl Brewery,Shiner S'More,
Stone Brewing,Stone IPA,
Stone Brewing,Tropic of Thunder,
Stone Brewing,Delicious IPA,
Stone Brewing,Fear Movie Lions DIPA,
Streetside,Sobbing Mathmatically Gose,
Streetside,Goseface Killah,
Streetside,81 Feet Pale Ale,
Streetside,Kid In A Candy Store Milkshake IPA,
Streetside,Robe Red Velvet Stout,E
SUN KING,GRANMUCKLE,
SUN KING,SUN LIGHT,
SUN KING,WEE MAC,
SUN KING,PANCHANGA,
SUN KING,OSIRIS,
SWEETWATER,420 Strain G13,
SWEETWATER,420 Extra Pale Ale,
SWEETWATER,Exodus Porter,
SWEETWATER,Blue,
SWEETWATER,Fresh Sticky Nugs (Dank Tank),
SWEETWATER,Pit & Pendulum w/Apricots,C
Swine City Brewing,Good Enough For Me,
Swine City Brewing,Don't Collar Me,
Taft's Brewing Company,Gavel Banger,
Taft's Brewing Company,Nellie's Keylime Caribbean Ale,
Taft's Brewing Company,Maverick Chocolate Porter,
Taft's Brewing Company,Citrus IPA (Yuzu IPA),
Taft's Brewing Company,Wondertub,
Taft's Brewing Company,Sapphire Pils,C
Taft's Brewing Company,Toasted Oak,C
Taft's Brewing Company,Wondertub,C
Temperance Brewing,Birdsong,
Temperance Brewing,Smittytown,
TERRAPIN,SALTED CARAMEL MOO HOO,
TERRAPIN,LUA KRUNKLES,
TERRAPIN,HOPSECUTIONER,
TERRAPIN,WATERMELON GOSE,
TERRAPIN,GOOD TO GOSE,
The Brew Kettle,White Rajah,
The Brew Kettle,Expiermental Lager,
The Brew Kettle,Winter Warmer,
The Brew Kettle,Special sixtels - Babee Bock,E
Tin Cap,Tin Cap Original Cider,
Tin Cap,Tin Cap Peachy Cider,
Toxic,ISO Heaven,
Toxic,Hangar 18,
Toxic,Local Cold Press Coffee Black Tonic,E
Troeg's,Nugget Nectar,
Troeg's,Sunshine Pils,
Two Roads Brewing Company,Lil Heaven Session IPA,
Two Roads Brewing Company,Two Juicy,
Uinta Brewing Company,House White Ale,
Uinta Brewing Company,Hop Nosh IPA,
UPLAND,PRESERVATION PILSNER,
UPLAND,MODERN TART,
Urban Artifact,Woodbreaker,E
Urban Artifact,Chariot,
Urban Artifact,Postcard,
Urban Artifact,Sliderule,
Urban Artifact,Victory Garden,C
Vandermill Cider,Ginger Peach,
Vandermill Cider,Loving Cup,
Victory Brewing Company,Golden Monkey,
Victory Brewing Company,Sour Monkey,
Virtue,Michigan Cherry Cider,
Virtue,Michigan Apple Cider,
VooDoo,Hoodoo,
VooDoo,Big Black Voodoo Daddy,
Warped Wing,Trotwood Lager,
Warped Wing,Gamma Bomb IPA,
Warped Wing,Ermal's Belgian Style Cream Ale,
Warped Wing,10 Ton Oatmeal Stout,
Warped Wing,Bourbon Barrel Aged Esther's Li'l Secret,E
Wiedemann,German Chocolate Cake Imp. Milk Stout,E
Wiedemann,Lost Hand IPA,
Wiedemann,Wake Me Up Coffee Milk Stout,
Wiedemann,Bohemian Special Brew,
Wiedemann,WeZen NE IPA,
WEST 6TH,PENNYRILE PALE ALE,
WEST 6TH,WEST SIXTH IPA,
WEST 6TH,CERVEZA,
WEST 6TH,LOW BEAM NEW ENG IPA,C
WEST 6TH,BBA COCOA PORTER,E
WEST 6TH,LOW BEAM NEW ENG IPA,
Westside,Gose,
Westside,Double IPA,
WHITE CLAW,Ruby Grapefruit Hard Seltzer,
WHITE CLAW,Black Cherry Hard Seltzer,
Wild Ohio Tea Beers,Cranberry,
Wild Ohio Tea Beers,Blueberry,
Wild Ohio Tea Beers,Mango Hops,
Wooden Cask Brewing,Citrannati,
Wooden Cask Brewing,Kentucky Farmhand,
Wooden Cask Brewing,Pacific Time,
Wooden Cask Brewing,Newporter,
Wooden Cask Brewing,Corruption,E
Wyndridge,Plow Pusher Pils,
Wyndridge,Pineapple Cider,
Yellow Springs,Captain Stardust Saison,
Yellow Springs,Zoetic APA,
Yellow Springs,Handsome American Brown Ale,
Yellow Springs,Foggy Trail NEIPA,
Yellow Springs,Carpet Nap Belgian Quad,E
Zundert,Zundert Trappist 8,C
